mdp,first_name,last_name
"cH5%<,q7#_fCwp/",Manfred,Petersen
kZ9\/M{`8*.%N%i,Molli,Clayworth
xV2@`@'c7P~P3jz},Phillipe,Duro
wM2}ZF}GW,Clarissa,Whytock
"wE8""'!Cy+efIQfe",Sandye,Vasyutkin
sA2/IMdiloS$<x}w,Samara,Jaine
fL0}RVJ4+m3<n?,Grantley,Jonson
xA3%B6YOYl,Kyla,Spurnier
cW1#'.slsQ*uO,Parnell,Ritmeyer
iB6~?Y|4MKj?DXS,Evania,Northleigh
pN2{CWFBN7ed9,Bond,Guillot
hC9/FlObnvj3V<l,Malachi,Ferdinand
vU0*Bcm'hH}s~pe*,Bary,Gerson
lF7=>3jSDJv}B,Wilden,Spriggs
bE1$/XMdhk&n>,Cordy,Ivanenko
eI8*0<SW*oU1`A{,Syman,Bahia
"dV8%.r5WD',",Timmy,Latty
iS3&$_YL,Basia,Dafydd
aQ1_U(ZZ3|{\8,Griswold,Boards
"bO2""9X?Us)",Elisha,Owbrick
pM8|WG={P\qtMCu,Juieta,Hentze
oF2_i%eb,Salvatore,Littleover
"cU4,b|c=XPx,L",Joane,Falkner
oS3.0DLJgiHT,Nikkie,Sindle
pC8}~(&ZFSS*!,Hillyer,Jean
bQ6}\y{%MG,Margo,Vaillant
dH5?VHxX3T,Grazia,Dongles
bS9$pM0%_E~`?&wo,Jeri,Theyer
"gE6,lf#Ni'",Ruby,Russo
zF0\s5jzZ,Leia,Woodroff
"vY4""v20JPP@",Pauli,Dow
yM9{44q+MQ5YD>V,Marty,Dauncey
fL1<_v<%AeVq/,Virgie,Cossons
eW5(=s+S2TV}&X,Wenona,Colerick
mQ1{lK1M,Agneta,Wagenen
"fJ7'""oZHed4z_",Allie,Aylen
nB7|bzLoi,Harris,Hosten
kZ1>fZ\.+<}3,Aubert,Weinberg
nS8=?`<sLo|,Isidore,Hunnicutt
tI7?do0p,Raffaello,Cutting
lQ0~jprX<z'~!pX,Abbott,Frankiewicz
tL1+{OC@wJ|p%3,Ramsay,Walklett
"cZ6""F$WS%awN>",Dionysus,Bidgod
sM8'D7QYzxl,Minnie,Hamby
xI2/cic?P,Hope,Tousy
kH5*frvC$A(,Manda,Gonzalo
zZ7!g>XP<3pWh,Yardley,Mebs
rO8.GRsF/t#i,Maryanne,Duerden
"tC8>\4at,%{",Baxter,Wooffitt
qG2|LIbBA,Daron,McKeever
"rF5`Br}#K""R{",Rachele,Ivshin
"lM4#',(>",Shel,Absalom
jP1#w5dp?8Q@`h0+,Kimmie,Eagger
"tS4#Ob_2""TtP",Gus,Crickmer
"fE2}D,O@0\_VF.",Vivienne,Rubinovitsch
rJ5(q1B6,Cris,Dorcey
zX0@ouC7WPw*h,Miguela,Lethebridge
iB9+j@<fy`,Aileen,Tenpenny
uH1|A5%+&>,Melinda,Stendall
qO9{{Epj'yLRRWg,Kiersten,Northley
"sB0""m/8ids/",Lanie,Gayforth
xZ6\H9!A',Ly,Manginot
"jA7+s""?XH",Brinna,Justun
sH5}s+odUG,Currey,Toffaloni
"aX0{.G>,IO",Abigale,Riddington
vG4%JB8'c@5c#=(k,Ely,Daulby
"cR8)QXpS,",Jada,Mongain
xI7}Kq}pOGT,Suellen,Jodlkowski
mR8_*ojG$Nu,Cecilius,Blackledge
xC7#T$l_,Danit,Beange
uE8)Py_`,Tessy,Kemmis
bM5\~D<$,Marlane,Reis
pD3?\(Cs(rtlr#,Jaclyn,Freezer
dZ8<72H?_&,Velma,Matyas
bJ7%GXLl,Stepha,Cawthorn
gB8=Qz1Si?I4Qd,Bamby,Hasselby
aP2=$|U7&~eU,Haydon,Sumpton
"fS0,hK%{.",Korey,Heathfield
nB2)t.Hq3i46T,Oliver,Spiby
lC2_?2`T.n(V%gnv,Charin,Guillet
qI7+$/>zP`k7,Wallache,Toone
"hS5(W'W},o_VcD=G",Stacy,Adelman
lY2@}ov!cQk%HTNL,Sianna,Shapcott
uS3%~iUT`znE,Renaud,Lynagh
eG6!LW8Fg,Peggi,Huckleby
"tZ1$H,`S'h_jRO",Mariele,Barkworth
pA3_g3X@KMEmNTQc,Margalit,Demer
dP9|vLL8d~?{>,Cal,Drewes
"nG7~b/U""`YV9S",Blakelee,Scherme
zR3#}ne)2b@(+(yB,Marney,Harnell
mX1`\|?A0GVt%~Q,Karina,Craister
oO6`)ELTj,Barbabra,Belchambers
"dS4""wy(kkBj",Sallie,Paramor
vI3.q8C#fwg,Benjamin,Pitceathly
uS5(Qdu)7i5qD%,Beitris,Rothwell
vU9<baLnTuLeZ%q,Marice,Organer
iG3`=Ey$yI.JF|V,Kellia,Verey
"gS5`(J|k(A""IS",Vittoria,Spinella
tT0(1<NI,Yvonne,Hayter
rT8<=D$#?,Wynn,Karpinski
"sV3?mJB*L{%,z}d~",Idalia,Joyes
aA6`3}XJ4I,Betti,Sans
oS8?rewiXt!n>1,Willard,Clissold
rH9&u7Aw5bo,Gweneth,Wildbore
"wL4/JAtQ""",Winona,Hatchell
"bS2_4P,qE\H9?",Edik,Noller
iA0$q/C&M#plN,Kerry,Jarred
tB1*<`p<K@i/N0Q,Pauli,Drinan
pI1`oPTc,Valerye,Bauchop
"zB5|{XZ?""",Marcellus,Lease
"bO9\VV+DW@a,bp",Silvio,Ruckert
sL0_kPMo,Mariquilla,Bohan
eT0*.?HGhz!lg{yD,Cassie,O'Shiel
fM1*Xn6J/W$QD+i@,Marcia,Imort
qS4(fm!|oa2Mm,Dasya,Takos
kN3\=mOr11s4,Hilton,Gilbank
"qZ8,ds\(BSx2!D",Justinn,Elsdon
jG4)PqRW)M#?pu%6,Enriqueta,Hendricks
"cZ2%qTdFWWA""L27?",Hort,Peegrem
eA5{uMD4b7%VSx,Angeli,Daviot
aZ4~~#6Q|#O7,Zsa zsa,Aubri
lM8+$~_*z6',Sebastiano,Caghan
"yO8)@,vj#`}Ii9",Reagan,Splevin
"pP5'b,a$62",Anatole,Yitzhak
kH3}N&grO,Frazer,d' Elboux
"oX8%WHn,I0NJ""H+",Caresse,Gawkes
rH8$w>4p6,Maurice,Boggs
vC0?hh8fpoS,Mack,Dedam
"fX0""L.Sw7Ugd(J=8",Dinnie,Halsted
"yV2(""!|8ZrR53yI",Marquita,Gabbett
eC0$X<kJ,Burton,Longstreeth
tR1/g'#YG.%,Cilka,Cram
"qT1}Z,f{3",Gloriane,Denacamp
bQ5_Yzmc3c#(r~,Jessica,Izzard
lQ8`KBVB5q{d0%6W,Claribel,Flucker
xX8\!~O`!`g|,Janeczka,Melvin
dI9!..h0s#,Cornie,Mault
sE3>H@`X*/(U,Nolly,Rohan
sR4|Y8W3,Melva,Knowlman
yO3}{?3&/3q!#lV,Charmine,Conkling
jK0!xVyV_'kqTKtR,Lia,Szymanek
dV9.n2Dsc*Hn)f$,Christian,Warde
bC2(rJ>\=(N,Lewiss,Dabourne
"tG6!juqHY,",Corby,MacNeachtain
nU9_xLrWOmt`R5.A,Kara-lynn,Vannoort
wB5\W=pS,Charla,Hatchard
wF2_8=(|N',Modestine,Bardey
eE5\'r{2w,Fabiano,Lamboll
mC8_4_h(~!k$&2B,Valina,Barnish
cM7(oYSS,Mayer,Easey
"hE7""!a*+",Fina,Buchan
lD3}j#2HZ)Xu,Harriott,Duchart
"jA2/h%+""9EPMCL#",Rozalie,Buckel
iT0!@!z`P6,Kristoffer,Foxwell
"pU6#,9J4",Gilli,Kirkland
aS3/Nfh@,Yvonne,Service
aM2>LT5%w>k,Bowie,Zoren
eJ4\0c>.F4>,Dukey,Soeiro
"eI4@""7vqi<S!>",Sim,Kobpal
bM9{v?I|@I{,Ebeneser,Siddell
"rS3""Uo)1(t/j&7X",Maridel,Venditti
"qZ9@\X,T?=_l+{|G",Geraldine,Alcott
eR3$OF#.!fKF/',Lynea,Noone
aJ0(%q){,Vivien,Marcu
zT5~G?>I6pW/%%,Stanley,Rides
sL3`D.yF3`|E,Galen,Sievewright
kZ2.T4G>}!X,Evie,Liddyard
aX2=OU*y8ucF<*yX,Vincent,Matteau
yP4\Zi(x`J$+|i,Adelaida,Cullin
oW7@!LaQfht.!r,Pietra,McNiff
"nL6!$sb,EMR",Cecil,Cornick
yK6?!skp52wQ*,Ninnette,Guess
yU8<y4T5&{uMLem,Jasper,Fiddy
zN0}&'+OH/_qE<,Jessi,Randle
nO1=lH1)EzK)n,Sancho,Giraldo
bE5$OvjFiyp0XU,Kaitlynn,Manston
cQ8#G+pV#Nu<,Sauncho,Yurchishin
"oZ1""=B\'?n}T+{",Suzanne,Darlaston
kB1>6ed/,Ky,Duthy
oS3}IMv|PlikB,Jason,Vanichkin
sL8._Ur$F\*JC=,Colas,Spirritt
hO3@}b6vvY+6gGB,Vivyan,Crippell
qF2*Q=Yci)(`I,Dorolisa,Ivachyov
cZ2'e`YBNn'?!u1#,Alberik,Gorham
lL5?0jYD.RawdX=i,Trefor,Follett
eA2\tD+EW9ny6djf,Melva,Wealthall
tT5~B_5CP<R/w,Ingram,Willwood
cI4_SDYN,Valene,Rennolds
bR9=rs0Slx5I,Flossi,Sapson
"uC0,Jb`S'18a",Roana,Dolman
fY3&7hCY6Z,Tiebold,Petrovykh
vF2>al?5t)4x,Elwira,Drakeford
"pV9+cPK<.""",Elisabeth,Dunderdale
wX0.%j(d,Marta,MacGilpatrick
"qZ1$&w,&iZLrhe%",Clay,Noe
rU9/FV?q\!4i)@KB,Pauletta,Hothersall
xZ9{_A~`bGKJ2Pz,Riobard,Buckner
kL2/*PoOYYx,Sol,Dufaire
yI2?2FTwfQDP%)bM,Daryle,Towhey
wG7&{o\_TxZC%P0G,Oswell,Petran
